UXSPO558;Prisma Empresa Salvador Petrobras;4001701
UXSPO558;Prisma Empresa Coelba;4001704
UXSPO558;Prisma Empresa Relógio São Pedro;4001791
UXSPO558;Prisma Virtual Relógio São Pedro;4001792
UXSPO558;Prisma Empresa CIFS;4022701
UXSPO558;Prisma Virtual Fortaleza - Jangada;5001791
UXSPO558;Prisma Virtual Fortaleza - Adeota;5001792
UXSPO558;Prisma Virtual Campo Grande - 26 de Agosto;6001792
UXSPO558;Prisma Virtual Vitória;7001791
UXSPO558;Prisma Virtual Goiânia Oeste;8001791
UXSPO558;Prisma Empresa Feliz Terra Agricola;10001701
UXSPO558;Prisma Empresa BH Usiminas;11001701
UXSPO558;Prisma Empresa BH Telemig;11001702
UXSPO558;Prisma Empresa BH PreviCaixa;11001703
UXSPO558;Prisma Empresa BH Mannesmann;11001704
UXSPO558;Prisma Empresa BH FUNCEF;11001791
UXSPO558;Prisma Empresa BH PREVI;11001792
UXSPO558;Prisma Empresa Betim Fiat Automóveis;11022701
UXSPO558;Prisma Empresa Ipatinga Usiminas;11024701
UXSPO558;Prisma Virtual Belem - Costa e Silva;12001792
UXSPO558;Prisma Virtual Estação Convênios I;14001791
UXSPO558;Prisma Virtual Estação Convênios II;14001792
UXSPO558;Prisma Empresa Recife - FACHESF;15001701
UXSPO558;Prisma Empresa Recife - Compesa;15001703
UXSPO558;Prisma Empresa Recife - EMLURB;15001706
UXSPO558;Prisma Virtual Santo Antônio I;15001791
UXSPO558;Prisma Virtual Santo Antônio II;15001792
UXSPO558;Prisma Empresa Rio de Janeiro - Light;17001701
UXSPO558;Prisma Empresa Rio de Janeiro Embratel 1;17001703
UXSPO558;Prisma Empresa Rio de Janeiro Embratel 2;17001704
UXSPO558;Prisma Empresa Rio de Janeiro PREVI;17001791
UXSPO558;Prisma Empresa Rio de Janeiro FUNCEF;17001792
UXSPO558;Prisma Empresa Rio de Janeiro PETROS;17001793
UXSPO558;Prisma Empresa Natal - Petrobrás;18001702
UXSPO558;Prisma Empresa Porto Alegre - Aerus;19001701
UXSPO558;Prisma Empresa Porto Alegre - Corsan;19001702
UXSPO558;Prisma Empresa Porto Alegre - Banrisul;19001703
UXSPO558;Prisma Virtual Porto Alegre Centro 1;19001791
UXSPO558;Prisma Virtual Porto Alegre Centro 2;19001792
UXSPO558;Prisma Virtual Florianópolis Centro 1;20001791
UXSPO558;Prisma Virtual Florianópolis Centro 2;20001792
UXSPO558;Prisma Empresa São Paulo Banespa;21001702
UXSPO558;Prisma Empresa São Paulo CESP;21001703
UXSPO558;Prisma Empresa São Paulo Mackenzie;21001705
UXSPO558;Prisma Empresa São Paulo Senai;21001706
UXSPO558;Prisma Empresa São Paulo Silvio Santos;21001707
UXSPO558;Prisma Empresa São Paulo Santa Casa de Misericórdia;21001708
UXSPO558;Prisma Empresa São Paulo Telefônica;21001712
UXSPO558;Prisma Virtual São Paulo Centro 1;21001791
UXSPO558;Prisma Virtual São Paulo Centro 2;21001792
UXSPO558;Prisma Empresa São Paulo Sabesp;21002701
UXSPO558;Prisma Empresa São Paulo Sesi;21002703
UXSPO558;Prisma Empresa São Paulo Siemens;21002704
UXSPO558;Prisma Empresa São Paulo Santa Marina;21002705
UXSPO558;Prisma Empresa São Paulo Voith;21002706
UXSPO558;Prisma Empresa São Paulo Correios;21002707
UXSPO558;Prisma Empresa São Paulo Grupo Itau;21004702
UXSPO558;Prisma Empresa São Paulo AERUS;21004707
UXSPO558;Prisma Empresa São Paulo Unibanco;21004712
UXSPO558;Prisma Empresa São Paulo Itautec;21005702
UXSPO558;Prisma Empresa Campinas Unicamp;21024701
UXSPO558;Prisma Empresa Osasco Bradesco;21028701
UXSPO558;Prisma Empresa Santo André Petroquimica União;21032701
UXSPO558;Prisma Empresa Santo André CooperRhodia;21032702
UXSPO558;Prisma Empresa Santo André Fairway/Rodhia;21032703
UXSPO558;Prisma Empresa Santo André Tintas Coral;21032704
UXSPO558;Prisma Empresa Santo André Grupo Pirelli;21032705
UXSPO558;Prisma Empresa Santo André Cofap;21032706
UXSPO558;Prisma Empresa São Bernardo do Campo Scania Brasil;21034701
UXSPO558;Prisma Empresa São Bernardo do Campo Mercedes Benz;21034702
UXSPO558;Prisma Empresa São Bernardo do Campo Ford Brasil;21034703
UXSPO558;Prisma Empresa São Bernardo do Campo BomBril;21034704
UXSPO558;Prisma Empresa São Bernardo do Campo Autolatina;21034705
UXSPO558;Prisma Empresa Brasilia - BRB;23001701
UXSPO558;Prisma Empresa Brasilia - CEF/Funcef;23001702
UXSPO558;Prisma Empresa Brasilia - PREVI;23001703
UXSPO558;PrevCidade Arapoema;28001017
UXSPO558;Prevcidade Araguaçu;28001026
